True Label,Predicted Label
49,60
33,38
72,4
51,65
71,71
92,34
15,44
14,3
23,71
0,74
71,66
75,55
81,89
69,69
40,40
43,79
92,10
97,67
70,70
53,62
70,61
49,69
75,39
29,60
21,72
16,16
39,71
8,99
8,77
70,94
20,91
61,65
41,41
93,23
56,55
73,44
58,91
11,79
25,0
37,96
63,42
24,79
49,99
73,23
56,10
22,22
41,97
58,94
75,33
17,71
4,63
6,71
9,44
57,99
2,2
32,79
71,71
52,52
42,79
69,23
77,77
27,27
15,16
65,44
7,43
35,44
43,38
82,83
63,63
92,94
66,9
90,71
67,23
91,44
32,67
32,59
82,62
10,0
77,34
22,61
71,71
78,9
54,26
6,65
29,85
89,15
78,8
33,33
11,99
67,30
22,44
18,99
27,4
21,21
13,33
21,21
50,56
75,7
37,60
35,9
26,33
83,62
47,96
95,86
43,43
69,69
76,79
17,71
57,99
59,76
25,24
20,61
27,55
0,0
9,26
71,71
8,37
43,43
57,66
56,24
85,85
10,8
19,38
92,62
33,33
20,31
21,9
50,79
70,27
46,28
11,22
16,16
1,44
74,99
33,79
91,91
60,60
64,27
52,52
23,23
4,64
11,9
52,47
37,79
24,9
95,71
25,25
39,79
51,65
58,32
58,22
77,38
18,23
59,90
45,99
66,42
58,25
20,61
24,71
4,72
36,79
8,71
87,38
10,51
30,28
47,96
54,54
99,4
51,65
83,32
9,9
37,9
4,4
83,4
95,95
83,44
32,38
73,73
18,79
40,8
39,99
64,38
22,22
80,67
28,36
28,38
40,22
95,95
98,40
83,75
12,12
24,80
45,33
13,79
94,94
24,79
58,60
63,27
7,38
87,69
6,43
78,69
68,60
60,79
6,45
23,23
44,9
31,52
80,76
93,93
73,69
98,36
49,60
90,44
97,97
59,65
2,57
67,73
16,9
81,67
94,79
27,71
76,9
77,99
12,68
18,99
0,0
76,60
79,63
71,71
89,71
57,16
47,85
24,24
65,97
0,61
32,67
36,10
82,82
31,38
23,23
24,24
34,34
21,75
11,85
53,62
80,67
44,44
4,33
39,61
91,79
16,96
36,91
68,99
50,79
97,44
58,99
31,50
6,50
42,27
80,79
76,30
89,68
55,32
19,75
91,40
70,94
1,77
6,44
62,60
99,99
51,79
96,96
83,79
42,33
18,67
67,67
66,65
40,44
62,24
78,44
84,84
28,38
89,85
30,30
66,4
18,18
38,96
42,44
92,71
27,27
11,79
86,68
44,27
96,65
12,71
16,10
67,67
43,79
89,64
96,31
12,71
40,88
7,38
86,71
77,65
76,76
31,77
18,79
28,99
19,18
18,79
41,41
42,43
43,79
31,3
93,95
15,44
10,18
8,8
37,47
89,60
32,26
67,67
12,76
2,68
19,97
91,27
94,94
7,28
71,71
36,15
61,99
62,96
5,36
60,60
45,30
91,67
34,27
95,73
9,91
40,0
68,60
62,62
99,61
66,63
46,77
7,24
10,67
10,63
68,71
34,27
37,68
58,44
48,44
40,5
96,50
14,79
11,11
66,65
64,42
39,28
33,60
94,4
63,63
10,99
89,38
92,61
90,44
65,38
90,60
33,79
28,28
29,79
87,94
86,61
7,57
0,0
94,94
11,44
26,67
6,11
41,41
21,18
69,60
27,33
29,29
67,71
85,96
65,99
40,71
57,57
72,90
30,71
74,10
27,79
3,0
49,60
52,52
95,91
40,28
93,85
77,99
91,60
6,44
57,91
72,27
16,94
98,46
89,8
40,67
96,85
71,71
3,76
2,28
66,99
27,78
8,52
53,62
33,44
55,42
81,79
88,79
96,60
68,71
42,78
77,27
10,99
27,67
32,98
79,99
98,34
18,95
51,75
2,78
19,4
31,99
67,71
36,36
10,71
16,94
5,40
81,17
85,85
26,44
85,47
65,38
22,7
55,0
85,38
22,12
22,57
10,39
18,79
98,99
9,40
26,65
27,44
7,7
5,94
58,60
87,73
76,99
2,36
54,33
38,44
33,4
17,49
6,6
0,7
79,33
97,38
14,44
14,99
73,26
79,38
8,44
42,63
4,44
25,60
37,60
75,75
74,0
41,79
0,4
99,99
79,38
87,71
67,27
72,79
38,55
25,44
49,60
3,9
74,65
69,67
36,54
77,31
89,33
71,71
31,79
50,99
90,96
11,70
2,5
41,41
38,50
58,33
47,47
93,73
68,67
11,11
35,28
67,4
54,50
53,57
30,30
36,66
83,70
54,54
64,27
46,31
45,64
98,71
62,62
46,94
95,73
88,34
37,38
18,79
29,52
63,63
8,79
33,44
35,29
6,68
76,59
19,44
99,61
53,36
15,44
57,27
2,80
27,38
27,67
93,30
81,79
54,23
71,71
26,7
25,60
35,63
30,39
72,60
8,64
42,50
62,62
56,56
78,26
47,94
73,74
43,85
20,87
83,83
63,33
49,52
28,79
26,42
45,77
36,50
36,67
68,68
1,50
2,65
99,46
9,60
65,28
38,44
58,60
96,30
38,7
87,43
82,74
22,38
83,61
41,41
7,61
12,80
10,0
35,71
44,71
81,60
91,91
56,79
9,94
24,24
3,95
30,73
1,1
39,79
98,24
72,55
83,77
80,81
43,0
84,27
66,79
4,79
64,27
77,62
98,94
82,7
81,71
20,79
0,57
48,44
46,46
33,63
22,69
13,20
17,60
39,79
76,18
0,1
17,49
64,38
48,48
90,5
93,95
82,82
75,74
96,66
97,97
3,76
83,70
60,60
61,61
32,32
26,26
84,63
41,47
12,76
85,27
12,33
8,99
82,60
72,79
94,94
7,4
22,87
15,64
66,19
89,94
97,59
19,33
0,68
19,44
5,91
56,79
36,61
45,20
1,5
94,79
66,79
86,65
82,82
17,60
64,4
99,79
34,62
30,67
73,93
83,10
6,79
1,22
28,40
77,27
91,91
74,63
68,60
14,27
14,26
1,65
92,16
97,80
45,64
7,65
21,65
37,49
32,79
73,99
88,77
86,40
92,62
14,24
86,69
74,4
25,61
93,73
78,7
77,38
88,33
42,67
10,1
65,41
26,79
31,69
85,68
78,84
29,71
32,44
81,32
97,79
1,73
82,60
0,53
21,44
15,71
56,44
57,94
97,27
76,82
60,94
87,7
46,64
1,30
61,65
75,75
62,62
21,19
61,61
78,93
90,91
68,12
94,94
88,80
95,71
3,99
83,53
32,29
93,44
77,57
38,79
63,67
61,28
41,41
88,86
83,27
35,79
82,53
50,50
15,79
48,50
25,44
4,27
71,71
8,47
98,38
67,67
7,24
85,85
25,26
96,96
60,69
55,65
80,71
13,62
90,60
54,61
15,71
76,69
39,99
95,50
24,24
7,4
64,97
70,71
88,4
81,71
0,51
12,71
64,33
31,22
79,65
86,97
60,49
22,22
38,71
82,79
14,68
48,48
33,59
55,33
53,99
40,55
1,67
58,4
94,44
70,62
29,63
86,44
23,99
46,11
58,71
99,99
78,79
10,87
53,53
37,90
97,79
65,61
15,60
77,94
52,96
63,38
32,30
6,77
36,36
6,38
7,34
36,94
74,72
13,44
22,79
32,99
54,61
62,44
84,79
57,99
25,79
11,11
62,53
85,4
31,31
26,77
16,32
96,49
71,71
90,47
39,38
20,65
47,47
35,40
19,79
52,47
66,44
32,60
53,33
53,83
21,21
98,86
6,7
88,50
71,71
45,4
98,79
55,60
99,64
24,7
93,71
67,64
33,60
16,16
33,79
9,85
10,71
46,94
68,23
24,7
96,60
22,32
40,4
63,79
53,53
10,64
14,44
41,88
77,7
54,34
84,79
20,20
29,83
76,76
36,99
1,34
26,43
99,67
2,2
96,44
69,69
36,99
18,67
90,60
66,44
52,52
37,33
99,79
97,79
12,12
55,26
15,44
85,50
15,60
16,9
33,80
99,99
80,60
28,28
69,95
51,44
72,26
39,23
8,71
56,30
59,52
15,74
21,52
77,23
45,99
21,4
80,79
89,52
37,68
48,79
47,68
56,79
65,80
96,59
14,26
52,21
2,99
60,71
9,24
68,71
22,61
23,23
44,33
19,96
54,10
97,50
23,71
54,71
62,62
56,73
23,71
42,44
81,55
66,22
87,31
47,59
47,47
45,99
42,67
51,79
10,99
35,99
68,71
13,71
55,99
34,80
74,4
47,60
40,78
51,67
6,64
3,60
76,71
52,52
53,62
34,94
60,60
63,80
28,93
24,24
36,39
69,69
82,79
90,60
70,61
75,63
77,64
43,79
43,79
78,67
81,99
80,55
66,42
35,42
84,67
21,59
49,71
96,4
15,85
37,60
2,2
89,75
36,79
9,71
53,94
91,27
65,8
67,71
94,94
40,94
72,96
90,71
86,24
85,80
30,30
92,4
25,67
60,38
2,80
29,57
0,79
9,60
37,52
1,79
50,26
90,44
27,67
52,52
36,27
48,68
71,71
12,68
97,23
0,0
3,3
41,24
21,71
16,7
51,4
72,79
13,60
63,38
81,29
73,67
55,95
30,30
28,21
10,32
84,53
8,60
6,44
9,63
93,79
2,44
78,79
26,28
16,18
17,60
39,9
67,95
20,24
3,79
81,63
26,27
96,68
45,50
15,63
29,31
57,34
60,49
49,71
36,99
23,23
63,79
72,50
19,60
41,24
55,4
26,44
25,61
49,60
28,30
20,20
33,33
7,24
45,76
7,79
89,50
1,57
90,60
42,64
15,27
23,67
93,99
96,96
59,96
29,24
29,85
75,33
93,73
8,71
70,99
48,48
82,60
84,65
81,68
72,99
38,67
80,37
63,44
76,76
4,4
54,61
60,60
1,63
49,72
1,0
92,79
77,44
30,30
98,9
62,53
25,26
26,70
55,8
25,42
21,4
25,44
82,93
80,68
19,38
93,65
35,35
61,61
81,85
69,69
9,16
91,56
96,96
34,63
23,63
9,9
0,0
28,53
51,83
91,38
65,79
33,79
5,20
13,76
52,52
58,38
65,2
32,79
37,60
63,63
61,52
19,71
2,21
49,68
64,66
58,90
93,4
62,62
52,52
53,26
41,50
33,7
84,67
22,71
67,55
44,24
95,95
24,24
46,96
98,79
31,52
83,36
16,77
2,67
47,96
51,79
3,86
18,79
60,60
38,38
95,79
89,79
11,6
63,4
15,77
49,71
63,63
85,55
12,60
38,65
66,79
99,85
72,79
83,99
12,60
93,69
51,88
21,52
47,52
21,72
43,75
77,80
55,32
36,63
57,20
69,71
5,19
29,52
41,38
14,73
41,44
77,44
58,27
60,60
45,26
88,94
19,90
19,71
48,67
5,60
81,79
69,26
77,44
60,99
88,27
92,62
31,71
34,63
36,99
30,73
64,33
82,56
88,79
7,50
38,38
57,44
92,61
23,44
11,43
41,45
38,77
90,47
76,59
28,86
24,24
6,6
84,61
76,71
88,99
28,40
98,40
96,7
93,24
64,64
45,33
54,71
26,26
79,79
70,70
46,66
89,96
89,68
64,42
93,25
39,26
53,53
36,34
50,26
56,96
84,84
46,71
13,96
5,67
51,87
5,69
56,68
68,38
70,63
92,27
93,93
28,79
18,6
37,59
50,43
81,67
67,67
41,41
35,94
99,99
41,40
79,7
90,71
59,76
59,68
35,61
16,64
17,4
64,65
90,67
96,77
3,73
88,24
3,77
45,29
0,56
68,4
33,33
49,73
0,33
18,38
22,67
72,56
4,4
66,26
5,60
46,63
79,3
70,70
9,68
49,83
34,79
48,77
71,30
37,38
42,99
6,63
91,91
58,50
42,44
17,79
1,27
5,59
65,80
5,79
38,25
47,47
38,38
63,66
61,80
28,18
99,61
20,20
88,94
50,88
53,44
97,27
59,96
78,26
35,42
50,38
6,44
98,63
33,94
65,30
23,23
68,71
26,34
96,33
17,17
65,69
47,60
12,71
94,94
81,75
76,76
91,91
72,55
35,23
18,18
96,52
92,27
98,37
19,4
0,60
43,80
50,92
43,18
44,66
73,67
4,4
53,53
37,71
8,68
25,58
52,59
29,0
44,77
12,79
38,65
5,36
25,88
41,99
81,44
23,67
68,23
59,47
81,23
43,38
8,71
11,44
18,4
92,64
5,5
34,79
48,48
80,8
25,99
31,94
8,32
88,44
10,15
50,31
76,60
50,44
95,71
94,44
83,79
52,52
44,74
16,16
99,25
68,80
28,99
15,44
47,96
34,63
57,64
13,86
22,22
9,91
90,95
50,65
34,18
43,27
20,91
87,52
91,91
80,23
9,9
17,80
19,63
57,57
14,44
27,63
46,42
13,80
44,99
24,24
10,75
84,94
4,44
56,79
29,31
29,79
51,91
78,4
62,83
53,36
17,68
28,28
28,61
11,85
65,79
48,4
48,10
12,68
55,30
66,44
98,91
8,44
94,99
25,60
70,44
54,99
12,65
86,26
3,34
76,49
13,71
2,29
7,24
91,23
55,55
45,36
51,67
53,47
28,63
9,23
87,96
13,50
30,97
58,64
61,10
31,79
70,71
39,99
3,99
47,79
34,50
26,0
50,56
59,33
64,25
37,68
92,34
14,4
26,91
37,69
94,94
29,24
15,20
63,5
7,56
32,72
9,9
43,38
12,90
27,38
78,50
97,97
55,63
11,64
69,79
66,47
31,67
20,20
54,61
45,9
86,86
84,44
55,26
3,38
6,67
54,21
69,69
47,47
62,60
57,96
85,60
30,73
16,80
11,36
82,44
65,87
59,59
81,76
39,79
79,25
25,63
44,63
16,31
23,73
17,60
49,72
69,71
74,24
63,63
10,79
56,79
43,47
22,91
11,24
9,9
17,79
31,38
52,52
52,4
36,4
58,60
79,71
42,27
32,79
15,38
15,79
79,80
56,96
3,71
77,71
57,62
5,38
76,71
84,79
47,52
79,96
64,97
3,77
22,39
84,27
15,30
83,53
19,66
64,44
61,24
33,79
16,34
76,59
96,83
87,90
92,27
39,44
60,79
59,67
74,37
27,94
68,79
7,67
23,99
42,44
47,94
2,27
20,61
80,96
24,24
17,71
12,60
55,57
13,78
17,71
67,34
21,21
42,42
21,4
46,51
79,79
21,87
61,61
64,38
41,41
16,50
40,33
54,63
70,94
65,21
84,56
64,77
37,27
59,47
92,44
71,71
17,60
96,96
94,94
39,61
93,27
79,99
34,27
26,26
33,96
24,79
12,71
53,1
88,63
20,20
47,4
98,75
25,95
45,76
25,94
61,9
56,82
68,64
27,39
13,60
92,57
12,38
46,46
76,76
67,99
27,55
2,9
78,71
48,26
3,31
98,55
20,39
8,8
43,96
57,57
63,65
7,44
10,10
47,38
46,61
52,65
90,60
69,66
78,79
15,79
78,63
29,63
61,91
5,94
30,30
86,24
85,69
33,33
10,63
44,18
34,34
24,24
56,28
61,23
62,1
38,24
72,79
44,29
53,53
7,44
38,60
17,17
40,77
91,24
83,79
82,62
10,61
21,21
30,73
65,67
47,44
57,57
16,16
81,32
30,30
72,99
96,4
88,66
62,44
95,91
27,65
61,99
2,23
50,79
21,21
87,33
5,78
69,69
37,60
59,93
0,0
78,44
20,25
85,52
54,51
53,43
73,71
69,71
3,79
35,79
49,71
33,33
73,73
99,38
97,42
89,44
3,67
54,65
90,60
45,31
11,56
1,34
51,44
28,21
79,26
47,4
54,61
83,46
40,40
14,68
26,67
27,73
12,71
42,18
44,99
29,24
59,79
8,60
17,52
56,44
46,33
80,4
1,57
82,82
51,79
34,43
86,22
96,81
86,87
93,9
38,80
20,24
19,72
2,94
20,4
91,0
55,93
65,33
64,32
90,68
70,44
34,4
11,28
55,24
68,15
52,19
6,63
79,21
22,94
22,99
86,86
10,10
1,28
75,99
48,87
5,71
90,31
67,4
99,61
33,60
82,44
76,9
51,33
92,61
65,27
77,79
70,51
12,71
91,85
83,57
95,95
48,79
52,47
30,23
49,71
11,77
3,63
17,96
80,79
94,94
29,24
87,22
49,23
64,50
57,61
42,74
95,93
28,28
16,94
99,79
46,25
31,4
25,23
2,36
95,71
21,96
83,62
59,52
56,52
28,28
17,68
53,53
71,71
7,16
94,97
53,53
89,60
10,79
28,99
7,41
36,23
79,79
53,53
87,30
43,44
76,71
69,38
22,80
17,60
6,44
53,57
68,68
44,79
89,44
15,79
80,79
45,44
95,30
37,84
80,63
28,28
13,94
23,99
52,52
24,24
21,74
55,38
99,99
98,56
21,21
59,55
9,67
81,4
88,63
93,85
61,99
17,49
44,95
49,17
81,31
78,50
94,61
40,9
60,60
80,79
58,4
4,34
88,27
18,54
24,77
36,79
26,7
74,77
88,99
56,96
3,79
65,34
0,0
43,27
22,94
47,94
65,71
22,33
69,38
9,9
78,79
4,79
69,71
46,38
97,80
29,61
18,65
64,60
98,9
65,65
36,36
94,63
84,36
91,44
20,24
36,99
50,42
76,49
29,3
63,32
6,44
30,61
99,99
55,73
21,63
38,80
83,62
67,73
31,67
49,60
39,99
66,27
66,28
53,53
54,61
41,41
36,99
61,99
88,63
30,95
19,34
95,95
41,41
89,31
19,43
46,46
78,63
37,60
31,59
22,61
2,18
78,71
13,41
73,76
51,10
95,67
2,78
38,63
98,79
28,28
18,74
42,79
7,44
88,88
61,44
12,90
8,79
92,10
41,41
33,44
65,38
17,60
51,44
99,99
35,26
67,73
63,67
63,38
9,9
58,43
96,60
77,79
1,57
36,38
53,53
83,94
13,71
98,67
21,67
35,20
39,79
49,60
81,60
35,98
3,52
77,9
89,63
30,24
85,85
59,52
48,79
98,99
38,65
80,28
39,79
82,20
43,44
12,30
21,21
18,94
25,94
5,5
25,33
63,63
78,44
4,79
40,28
29,76
15,65
39,33
49,71
93,30
39,94
77,44
69,24
53,53
64,50
12,71
57,60
5,99
17,49
97,67
37,71
48,87
79,44
5,36
83,10
16,16
41,63
48,4
54,27
79,80
67,65
73,73
0,47
19,63
14,4
29,4
84,61
48,23
36,23
76,96
95,71
20,20
59,52
57,44
67,27
6,44
71,69
21,63
7,93
91,94
92,87
87,8
91,79
16,10
86,26
58,67
89,65
97,78
83,27
72,79
85,71
41,26
3,71
20,20
10,60
74,79
49,68
63,55
91,64
56,60
92,69
19,38
64,73
28,28
11,44
41,99
81,63
90,60
89,45
86,86
22,94
41,27
50,43
27,65
87,24
21,66
34,27
36,36
90,60
94,10
71,71
31,44
62,62
95,30
33,60
38,38
95,39
41,38
24,6
89,47
15,50
81,79
8,79
48,71
30,69
52,52
79,65
20,94
68,68
16,50
78,55
45,72
31,71
66,38
52,52
43,74
20,20
98,94
24,24
71,71
49,68
44,73
46,71
62,71
22,10
11,68
89,15
99,64
73,91
26,10
53,94
10,15
41,60
12,49
2,63
4,3
39,23
19,60
56,30
74,38
79,4
73,67
46,2
3,55
22,44
6,4
59,95
54,65
87,79
2,50
87,59
49,68
91,27
37,7
53,65
51,79
7,18
99,61
13,71
25,60
66,98
80,85
22,71
73,79
83,99
14,27
42,65
86,61
22,71
90,63
74,44
24,40
84,67
91,79
97,97
88,85
4,67
26,61
22,94
19,4
67,79
73,67
84,27
98,44
6,82
35,64
29,9
51,31
59,7
62,33
60,60
68,71
44,99
83,57
0,0
41,41
90,72
48,34
82,98
67,28
28,87
28,28
71,71
79,99
43,50
17,60
5,79
17,60
7,24
84,77
57,66
27,79
57,91
68,79
26,0
59,60
4,27
87,36
99,23
3,85
66,67
38,80
15,96
75,93
20,56
47,60
0,94
14,14
85,89
62,62
55,79
63,50
69,93
3,63
77,30
73,71
38,38
59,79
52,96
84,69
37,60
60,60
21,91
96,94
68,15
16,10
19,19
40,57
70,79
61,23
10,23
57,99
81,37
68,68
12,57
10,57
38,99
10,57
47,26
76,71
11,19
72,49
23,27
1,40
14,9
31,47
30,67
93,99
54,71
9,9
15,60
2,79
26,63
65,44
32,91
12,60
58,79
73,69
76,71
95,71
67,30
95,30
26,33
92,79
47,10
84,72
29,79
51,33
44,99
45,8
60,60
34,24
97,23
1,91
93,79
97,63
19,38
19,67
92,71
69,28
65,65
95,72
78,79
5,79
34,66
76,71
25,38
50,99
30,67
69,23
59,96
34,79
77,67
46,71
66,61
31,60
73,60
87,87
90,31
18,79
6,65
38,44
81,89
25,79
81,68
64,99
70,79
37,60
76,71
31,44
0,0
90,96
32,95
5,5
56,59
41,41
80,26
5,57
52,56
51,80
25,71
20,0
61,61
98,37
20,25
32,39
35,60
5,60
72,79
61,61
43,44
58,93
36,91
99,61
60,68
70,70
38,99
59,79
26,7
56,69
78,66
83,22
23,23
52,59
32,71
54,70
33,33
61,79
49,47
53,0
15,79
50,50
3,16
12,71
86,0
55,27
58,31
5,79
30,30
26,65
10,94
0,24
11,63
9,77
33,66
53,53
33,94
94,94
46,60
99,83
34,99
1,0
17,71
63,65
69,71
66,44
37,63
67,99
40,40
93,50
24,24
82,71
23,77
30,73
66,66
30,67
11,42
11,44
94,94
88,94
37,76
29,96
46,61
95,71
54,71
41,41
6,71
19,77
22,28
3,24
32,32
55,80
53,53
72,7
33,33
20,39
63,63
12,71
64,79
23,71
22,71
75,27
8,38
33,33
66,32
55,3
72,12
73,79
84,75
13,7
96,44
65,27
22,44
0,0
19,38
80,79
23,71
85,47
68,68
86,40
37,47
81,4
35,18
98,79
8,49
23,69
76,76
74,66
89,85
60,71
69,69
96,52
32,28
29,24
64,65
9,9
16,9
0,0
74,25
17,60
54,60
62,62
6,60
34,99
65,9
8,71
46,4
67,38
53,53
23,71
78,2
61,71
26,79
64,27
25,90
70,70
96,52
67,67
22,10
45,63
65,42
96,79
79,79
23,71
76,76
26,27
57,80
16,94
64,97
34,65
82,82
66,36
83,53
72,79
71,71
9,71
60,60
35,63
43,44
29,72
93,16
58,33
94,28
5,60
83,25
92,62
26,79
39,66
86,99
93,21
16,16
85,85
27,79
76,96
89,49
42,67
18,79
14,4
4,21
73,67
71,32
20,10
20,60
16,79
51,79
88,79
5,28
25,39
64,10
59,71
77,79
22,61
3,5
68,68
28,99
44,33
13,74
73,73
98,57
52,52
44,50
99,75
17,60
31,72
50,99
87,36
44,50
85,85
58,65
57,57
45,45
28,33
5,44
11,67
81,33
46,71
67,93
96,17
69,69
19,63
55,55
75,42
31,67
97,23
66,63
51,26
71,71
29,50
4,15
89,60
99,79
67,67
39,67
52,47
59,52
12,83
96,33
16,76
36,36
64,71
27,19
81,4
37,17
11,79
85,85
50,23
35,36
78,94
6,36
72,67
70,78
74,24
42,38
0,0
41,44
39,39
87,27
80,71
44,99
47,47
95,40
10,61
21,66
63,63
55,55
69,90
20,61
85,60
78,94
23,79
13,60
92,57
98,44
84,84
75,52
10,33
4,33
52,96
55,80
61,61
89,60
57,75
50,44
42,99
40,33
91,64
88,79
73,99
49,79
20,20
2,79
16,16
26,79
91,91
88,20
85,15
28,40
27,38
83,53
54,60
65,38
71,71
77,26
13,47
56,42
76,12
37,60
3,80
72,55
63,27
46,26
75,64
90,85
26,21
60,60
49,60
50,2
15,60
2,32
78,44
94,94
86,55
25,99
11,27
13,71
4,4
40,4
47,56
44,79
90,72
95,56
78,99
7,4
78,18
39,86
40,38
69,67
72,24
64,38
47,60
60,60
78,24
36,43
75,27
36,94
82,64
88,80
38,64
36,27
81,60
72,63
50,68
2,33
52,59
68,97
44,99
6,62
53,1
56,71
32,44
46,63
34,88
83,55
74,75
19,52
43,44
77,80
87,79
26,26
63,79
5,69
79,44
85,60
38,63
80,27
59,59
5,99
73,67
32,32
15,1
24,87
93,4
2,35
88,4
49,71
11,2
38,68
62,44
7,4
6,4
61,61
27,96
5,69
41,41
37,71
10,36
43,38
69,79
21,7
73,95
68,63
88,79
10,94
65,71
4,65
47,45
59,52
20,43
35,94
2,4
88,67
83,99
72,16
4,4
3,63
60,60
82,79
61,61
68,60
92,82
22,94
84,60
87,4
32,63
91,79
38,77
36,36
9,9
63,10
57,41
50,63
97,4
27,8
34,79
69,71
1,10
82,79
13,68
84,61
15,60
97,79
22,7
27,79
18,4
79,65
98,76
74,4
97,44
13,85
78,26
88,44
98,67
78,99
5,83
4,44
17,60
60,60
44,98
69,38
53,53
37,85
82,82
44,44
3,21
24,24
27,79
6,33
38,67
35,39
21,71
0,94
16,66
84,55
11,12
41,30
98,94
89,17
99,27
31,58
46,64
68,68
47,61
47,96
11,28
95,71
70,0
23,79
58,59
50,71
27,65
8,85
47,4
27,33
3,79
68,60
53,62
34,65
68,71
96,60
53,94
19,36
70,4
21,88
90,10
11,79
21,3
4,7
1,71
53,62
29,57
93,86
14,19
91,91
71,30
88,27
98,0
89,96
27,99
71,15
64,66
94,99
61,67
20,85
83,34
3,63
38,63
99,61
5,50
11,27
84,67
88,35
6,39
67,7
5,24
31,19
65,33
59,47
30,99
97,5
64,63
46,36
22,52
51,46
25,44
18,64
78,44
56,79
88,79
24,24
5,60
22,71
15,90
67,73
15,63
2,36
60,23
41,41
11,95
70,26
76,71
81,80
89,48
24,67
30,73
50,4
0,70
75,34
63,65
9,79
36,50
20,61
7,26
74,79
24,41
73,67
32,66
35,78
82,82
87,24
31,85
14,33
73,69
47,71
65,61
77,50
51,63
61,61
30,79
32,28
66,27
29,29
97,42
16,87
0,32
82,96
43,80
23,8
89,50
9,78
16,86
68,71
2,23
45,30
44,4
23,51
38,4
56,43
40,40
35,2
73,69
0,79
88,66
23,60
7,60
42,44
77,16
9,26
35,98
96,80
83,60
94,79
3,16
90,33
75,4
38,99
14,68
71,60
36,16
3,63
78,38
21,4
13,55
48,8
83,0
50,61
79,44
55,60
33,79
21,21
60,60
8,33
84,27
92,79
6,63
51,4
25,26
27,64
86,59
27,39
8,76
21,4
12,68
44,44
75,79
27,79
50,27
80,44
54,38
94,94
48,68
41,41
53,53
14,87
55,44
53,20
12,76
7,64
46,79
95,30
38,80
67,93
0,0
72,95
11,44
27,94
1,64
73,67
25,60
47,96
42,23
75,38
81,96
69,6
10,27
24,79
87,67
35,22
69,4
86,71
59,71
84,44
63,80
86,79
23,33
82,47
14,14
10,10
26,74
62,10
6,7
10,71
17,68
76,79
56,38
63,4
85,47
99,40
64,63
7,24
42,96
24,7
13,85
6,62
37,79
16,16
33,60
48,60
44,38
80,21
19,38
82,53
46,94
33,91
31,64
86,24
59,71
3,72
9,0
57,57
54,28
43,27
35,78
93,38
62,80
88,4
64,67
78,26
45,77
36,38
1,4
43,80
34,1
71,60
87,5
39,71
18,65
57,0
67,67
4,4
73,93
41,52
76,76
73,67
43,4
94,94
25,60
63,71
71,71
15,60
52,96
38,65
30,79
64,5
30,71
23,68
35,10
74,77
36,99
76,59
96,96
17,17
31,65
76,49
88,76
3,4
63,38
2,2
77,79
49,27
92,68
17,96
80,7
89,96
3,96
88,79
26,26
41,41
79,38
32,95
62,79
55,79
20,79
98,42
26,26
17,60
1,29
32,36
43,79
85,12
72,7
59,50
24,24
13,90
31,65
14,60
42,44
40,59
33,63
20,79
68,71
23,23
62,44
24,24
55,55
10,27
22,9
70,83
79,79
73,71
45,63
84,60
9,9
70,61
96,52
97,67
33,33
67,67
21,38
90,23
62,5
57,79
25,25
54,78
69,69
40,6
41,65
93,30
9,47
83,64
7,99
25,57
13,63
90,52
16,10
12,23
48,48
50,64
37,33
49,71
60,60
36,43
37,67
39,79
65,4
91,85
70,79
90,47
99,26
10,99
4,64
21,59
48,60
36,36
31,63
66,33
5,44
92,67
93,4
60,75
50,99
93,50
28,41
49,71
32,97
79,79
98,36
86,86
30,23
64,79
18,67
44,99
13,85
99,95
27,44
69,9
87,94
6,0
22,99
50,36
90,96
71,71
20,28
91,79
90,19
71,49
49,96
42,42
57,22
20,93
63,27
67,93
12,95
91,91
39,99
20,53
73,30
52,52
69,99
56,60
10,2
51,27
44,63
62,51
62,0
43,80
30,71
6,54
99,99
35,2
79,38
35,94
9,83
20,24
79,79
15,60
87,7
37,60
20,75
60,60
33,33
67,80
92,63
73,96
88,63
38,18
90,60
70,22
77,94
84,60
16,67
18,44
80,27
51,79
42,65
68,79
18,44
24,7
19,44
6,79
57,78
21,7
42,42
39,99
10,10
20,20
9,36
4,14
51,14
1,29
14,50
53,53
7,0
60,60
53,62
90,47
43,38
62,76
38,79
76,40
84,84
46,71
32,96
54,0
34,79
29,31
65,61
72,67
65,34
10,9
25,71
7,0
48,79
90,27
94,83
42,63
4,24
55,79
99,44
68,33
6,99
24,22
82,82
43,63
71,71
31,95
75,4
26,57
49,71
98,94
25,64
62,79
73,79
2,23
81,60
99,61
11,99
31,99
82,53
56,34
3,34
88,42
62,79
8,60
73,30
20,20
44,8
80,80
89,60
0,53
23,94
16,99
96,60
24,7
26,61
93,28
6,44
53,62
93,60
19,19
49,60
11,65
45,96
27,67
26,79
82,77
84,39
28,28
1,95
56,8
26,99
57,79
60,60
18,65
55,94
71,71
56,76
47,52
21,12
36,67
9,60
41,67
24,24
75,33
5,71
32,59
12,71
57,57
84,61
76,76
65,48
12,12
21,38
23,79
76,12
29,29
57,94
75,79
32,32
25,99
96,52
56,4
49,60
8,71
19,88
98,24
39,38
71,71
46,51
3,24
41,65
64,50
37,60
8,3
13,56
99,99
31,19
35,94
52,52
73,73
89,44
2,61
54,79
97,94
73,73
95,71
1,47
12,55
0,36
51,63
23,23
73,73
72,42
83,62
74,38
1,29
12,71
38,38
51,4
29,47
77,4
44,44
18,43
10,54
16,99
43,60
0,36
7,24
70,62
17,49
3,7
6,80
83,99
65,33
0,78
46,44
85,60
62,44
18,79
81,76
40,69
48,48
4,79
2,99
21,79
24,53
95,95
53,27
89,96
50,79
35,61
98,37
32,85
58,71
97,65
56,56
78,59
60,60
79,79
84,69
28,9
46,65
90,52
43,79
9,79
42,79
84,78
59,96
27,79
17,60
62,70
23,69
31,96
11,24
48,79
82,40
87,23
28,2
14,65
99,99
13,68
66,40
35,57
42,28
20,20
2,99
16,5
68,71
23,23
93,24
79,60
87,87
41,41
2,23
96,24
39,30
49,68
57,33
96,59
12,40
38,31
65,4
39,44
93,73
83,65
32,61
19,96
8,28
53,53
69,23
72,79
23,99
29,41
43,15
88,88
11,79
96,65
62,62
54,29
2,21
73,73
34,34
48,79
34,99
34,59
94,94
88,77
67,99
71,71
97,79
7,24
35,38
77,38
95,30
44,24
45,91
27,26
80,55
84,34
99,44
52,96
92,0
70,79
16,18
88,79
25,67
58,96
79,79
54,1
73,73
50,94
47,52
51,40
78,52
26,57
50,60
17,68
86,41
72,68
87,71
34,63
47,81
25,44
72,71
29,29
95,67
86,61
92,51
78,85
3,21
28,40
58,4
66,4
78,79
38,56
22,44
66,66
95,30
45,93
97,99
65,1
54,33
71,71
70,79
80,79
85,63
28,60
41,41
71,71
64,1
75,33
90,49
7,24
37,60
23,23
54,28
84,94
86,47
8,79
22,61
51,44
75,79
26,26
11,40
3,79
46,61
64,67
92,70
55,96
39,99
66,71
86,86
85,96
0,60
8,71
27,65
57,27
13,68
94,61
40,79
61,61
94,4
17,60
11,59
1,79
4,79
49,49
77,79
0,0
1,63
80,99
48,77
39,90
55,21
38,79
12,71
35,34
12,71
78,65
87,91
11,44
0,0
95,71
90,4
10,61
88,8
10,79
97,97
48,89
63,34
51,79
52,52
47,32
85,60
69,73
65,52
81,71
30,73
51,79
69,23
28,99
4,79
31,27
97,66
48,24
64,27
80,69
0,53
0,0
5,61
45,67
13,89
90,60
85,0
56,76
51,55
34,79
44,33
91,91
85,19
56,64
10,63
46,52
93,67
77,65
81,47
82,0
18,26
66,63
56,52
49,71
0,43
70,79
63,63
99,99
14,50
5,94
26,0
24,26
86,86
64,44
55,99
1,91
94,94
74,79
6,53
25,24
52,96
90,96
5,2
40,61
41,41
49,30
76,9
19,27
44,60
49,49
57,57
85,65
63,50
91,91
63,38
94,94
55,7
59,9
21,33
59,60
47,79
31,80
60,71
44,67
25,90
11,28
97,45
96,47
3,55
46,68
85,60
56,71
34,79
50,14
41,85
87,33
38,99
83,93
45,32
77,79
15,4
47,60
68,33
46,22
87,99
61,10
69,93
49,71
86,44
89,79
36,94
59,63
67,71
54,72
72,96
3,63
62,77
60,71
97,91
40,60
69,69
4,34
94,53
65,27
39,39
87,47
48,63
93,24
38,99
67,73
26,44
1,27
10,29
41,63
47,47
78,79
87,79
13,67
11,9
57,57
45,30
39,23
8,61
55,41
21,59
65,33
97,99
90,60
98,8
63,50
78,27
44,99
44,71
15,38
53,4
97,63
13,37
9,79
75,7
73,2
84,38
84,79
48,7
12,60
25,87
7,57
90,85
7,80
55,79
90,50
86,29
67,99
54,1
77,39
60,60
9,9
54,79
34,44
68,99
25,22
71,71
20,20
89,96
24,7
84,33
4,63
59,24
26,4
18,64
37,60
98,38
64,79
74,38
94,44
5,99
43,95
97,32
23,23
93,32
15,27
17,60
1,54
58,68
31,69
8,95
45,31
28,99
23,23
19,19
88,87
87,23
82,60
26,65
33,66
63,67
16,24
13,68
91,71
76,76
76,59
38,39
10,52
70,71
17,71
78,9
56,95
75,22
57,51
79,96
90,67
38,63
51,51
27,38
71,71
96,60
6,93
40,40
51,27
47,96
37,60
41,41
66,27
67,23
41,79
82,60
14,79
23,60
6,95
98,28
11,71
7,44
65,4
64,22
40,71
15,17
1,46
29,24
38,85
75,24
40,7
31,59
60,69
79,57
63,79
6,87
36,44
31,7
21,79
52,4
71,71
1,79
61,10
34,44
34,44
77,27
35,71
37,17
7,79
70,60
20,26
93,7
41,67
92,9
87,8
46,79
30,79
30,73
46,79
85,85
32,41
14,18
51,51
24,16
5,65
49,60
61,59
89,96
48,24
98,59
7,44
94,94
37,68
94,33
94,4
52,52
11,79
61,71
41,59
50,26
84,33
76,91
18,79
64,99
80,32
62,69
11,79
41,41
69,69
34,38
2,8
45,42
62,62
87,33
99,44
45,24
2,33
27,27
91,60
19,4
56,60
20,20
92,60
54,40
75,55
9,79
83,10
27,4
95,71
49,99
14,65
2,99
43,27
96,60
95,69
66,4
81,33
9,9
44,55
99,99
87,55
79,11
11,66
59,63
18,44
62,67
96,47
94,52
49,49
47,33
72,93
26,4
71,71
76,73
21,63
81,87
30,79
99,4
64,66
92,62
0,0
6,63
74,22
82,24
13,19
69,69
8,71
3,75
74,33
89,44
11,1
16,50
92,70
79,33
86,24
72,71
95,39
38,27
42,79
65,31
61,15
68,68
17,60
41,9
49,60
20,20
4,44
75,38
48,64
13,66
60,60
67,79
62,79
17,90
37,71
32,80
59,60
59,60
38,38
70,24
79,44
11,71
49,60
44,91
0,0
26,79
45,64
48,48
1,1
33,31
57,63
10,4
37,49
97,91
44,79
43,79
63,44
55,32
37,79
20,20
49,71
19,80
16,90
26,99
21,44
79,66
40,28
68,60
74,33
95,73
46,71
94,43
68,71
13,96
22,93
83,27
46,71
74,79
35,34
60,94
11,67
21,21
34,66
39,63
65,27
13,44
20,29
21,21
99,44
68,68
88,80
93,96
49,60
69,69
17,60
55,79
81,44
63,96
14,31
73,34
17,52
13,85
95,30
99,79
61,87
24,24
22,16
23,56
94,94
33,90
90,96
8,60
68,60
52,47
20,20
64,50
54,77
53,53
3,50
4,57
88,68
53,57
27,38
5,13
47,71
97,67
5,2
35,44
71,68
54,51
54,10
17,60
56,47
54,79
15,63
69,99
65,79
24,24
42,44
8,99
72,99
77,67
75,34
66,86
93,67
94,94
27,79
98,94
75,33
44,38
37,38
8,33
10,38
84,99
72,38
34,38
37,96
2,79
86,86
20,20
90,60
49,60
95,71
29,71
34,34
46,16
43,40
72,44
18,65
51,33
87,80
18,38
41,38
93,34
72,61
95,95
19,60
34,63
42,30
79,38
79,79
17,99
73,73
97,20
45,71
97,80
29,64
86,74
29,67
0,0
19,63
12,60
91,9
75,44
97,27
50,10
13,47
61,61
74,24
85,60
29,73
67,10
50,28
43,38
50,27
3,85
25,36
13,2
50,20
56,56
60,60
30,27
61,55
34,63
84,44
1,53
58,41
35,97
4,31
77,4
42,79
22,59
87,71
38,9
11,16
9,79
32,79
12,71
50,61
8,65
96,60
61,99
9,96
43,33
9,28
58,47
92,67
32,60
32,86
25,95
0,0
34,8
75,0
68,63
27,99
15,28
0,91
38,4
10,24
3,65
44,64
30,30
43,99
59,22
50,65
40,28
67,22
76,75
49,60
98,8
57,57
16,67
56,52
84,38
75,44
50,79
90,52
10,27
83,20
22,44
59,29
93,95
36,71
51,27
6,68
74,33
82,82
1,38
97,81
12,60
79,76
49,71
94,33
39,27
25,25
98,79
10,91
58,44
79,99
54,99
64,99
1,42
24,16
46,9
51,27
45,67
70,43
29,27
96,52
2,77
7,24
95,7
27,52
83,53
89,71
7,4
52,15
24,54
49,49
5,33
80,31
53,26
75,7
55,44
14,79
15,71
69,71
51,44
24,24
19,68
2,2
68,68
24,79
75,67
75,79
41,41
13,65
44,21
41,24
31,63
74,79
18,18
43,57
0,0
13,67
15,0
7,24
17,60
83,96
92,44
79,68
34,79
74,44
86,20
20,61
50,24
72,28
14,79
86,23
88,79
98,98
4,85
77,79
1,70
79,4
12,94
87,72
78,79
65,61
1,44
59,52
48,34
83,67
58,27
13,63
56,47
94,94
50,20
13,99
55,94
97,99
10,7
7,77
21,38
19,33
22,18
54,91
75,38
75,78
27,73
5,93
75,91
6,50
75,34
35,64
19,38
79,4
48,38
18,44
12,71
32,75
3,85
60,60
65,94
85,80
77,23
43,94
65,96
85,71
96,47
98,68
66,85
62,62
73,73
83,63
65,32
58,31
12,60
19,17
38,27
27,60
81,27
21,40
29,29
51,38
58,27
88,79
89,71
5,71
15,94
10,10
37,60
95,73
50,67
30,71
74,40
98,45
33,64
40,36
50,22
52,67
14,63
63,4
72,79
53,62
91,91
81,44
73,74
16,16
32,79
90,71
33,26
52,52
41,62
11,20
38,79
14,24
56,28
43,79
80,44
65,50
46,99
92,1
52,52
75,44
78,44
60,60
70,70
36,44
19,27
2,78
8,38
61,61
55,71
24,24
47,34
30,73
70,44
25,40
7,50
28,65
67,95
53,23
28,4
11,36
54,8
74,27
66,63
41,41
4,4
95,95
47,47
52,52
59,79
68,67
21,94
13,71
62,93
58,61
92,61
18,79
24,24
30,26
78,99
14,85
86,61
78,65
76,79
68,71
56,63
70,70
31,47
97,97
72,67
7,80
84,79
43,44
61,99
33,63
42,34
89,65
42,79
38,78
92,71
24,30
49,60
7,79
52,96
66,66
99,99
96,90
34,4
14,63
11,96
92,94
29,24
4,4
3,4
55,66
61,61
90,63
94,79
29,47
90,71
43,66
21,52
66,4
57,99
25,32
37,4
0,7
1,70
56,60
30,67
80,16
93,77
8,79
23,65
98,79
64,73
69,71
68,71
72,76
1,51
35,23
92,94
22,85
52,47
90,68
91,63
37,68
71,8
27,7
89,23
28,28
56,99
0,57
79,59
20,91
18,33
39,34
79,99
45,27
96,94
68,72
24,87
0,79
42,63
81,90
80,26
81,37
87,38
33,4
9,79
46,79
59,27
7,79
64,27
70,79
25,80
46,69
89,96
93,63
58,44
37,47
91,91
3,67
57,9
75,40
5,23
80,80
70,62
64,64
34,42
22,77
54,94
34,94
32,27
9,10
31,99
77,80
43,43
33,80
79,38
63,33
63,44
1,79
99,99
27,33
12,33
74,44
93,71
20,20
60,94
66,27
40,40
59,80
92,85
46,44
47,96
52,52
89,71
6,18
93,38
94,69
54,99
15,60
96,44
79,73
49,69
13,33
41,41
14,34
30,30
76,71
21,28
82,33
52,44
79,67
4,63
46,63
14,65
43,42
32,60
34,38
83,20
13,90
19,4
31,25
67,69
0,47
95,23
32,79
33,68
71,69
8,7
64,71
53,94
47,96
22,52
30,80
22,49
7,30
84,96
56,49
92,27
30,30
23,60
63,63
22,65
57,9
24,24
23,64
32,2
72,71
82,40
64,69
43,93
13,71
98,32
26,26
55,63
83,36
12,71
76,67
47,60
24,24
92,94
40,79
86,61
39,99
31,96
37,33
71,71
39,32
72,30
87,28
17,68
13,23
39,67
35,95
54,61
88,43
1,4
61,61
24,24
69,76
4,4
9,90
98,24
74,36
58,52
76,47
96,87
4,20
84,79
30,73
88,79
79,33
5,79
10,37
33,82
54,57
36,77
46,63
6,82
46,44
86,87
39,85
83,0
77,99
69,69
65,27
14,65
33,79
61,61
35,79
20,44
9,9
37,60
63,38
82,82
46,47
72,79
77,4
16,38
64,65
46,95
23,36
22,10
75,75
78,99
46,79
10,91
85,96
7,94
68,68
31,96
91,27
28,61
58,31
55,80
91,91
19,31
59,60
44,99
98,65
27,79
34,28
17,60
25,87
58,58
29,34
85,52
85,71
25,22
35,38
12,71
8,49
34,60
16,16
86,22
48,21
49,60
15,29
55,65
53,79
99,22
66,25
26,10
88,4
64,65
87,87
41,75
17,47
40,24
6,44
55,73
8,24
95,95
94,91
3,31
2,94
56,59
66,38
4,4
68,60
11,15
20,20
49,69
23,23
72,44
16,84
0,57
86,94
59,56
93,99
48,68
40,60
33,27
17,71
52,60
54,79
94,94
87,87
77,64
79,78
5,38
91,23
28,77
30,73
7,79
25,59
42,44
75,41
31,79
14,33
94,94
57,57
63,27
81,60
4,24
99,79
45,31
32,60
11,71
9,44
59,79
81,31
40,56
48,67
6,7
98,75
70,0
93,79
0,94
14,39
49,49
51,4
4,72
14,24
42,38
80,96
68,68
78,24
47,47
31,63
62,60
62,70
90,75
8,44
9,60
51,79
91,91
80,63
79,44
22,22
18,7
61,61
62,62
54,79
34,27
42,71
33,66
16,91
99,99
99,39
27,27
13,85
39,65
56,65
53,94
82,82
48,4
76,71
82,82
49,60
40,20
58,52
58,60
28,61
37,60
38,69
93,79
68,71
13,82
42,79
35,27
68,71
47,44
13,60
91,29
53,79
23,99
29,67
89,60
35,79
43,94
62,65
15,96
9,9
97,79
15,61
44,78
75,78
84,44
33,21
41,41
6,7
71,71
78,69
17,60
76,79
78,66
88,27
49,60
35,79
54,97
86,86
12,68
74,67
80,99
33,44
49,60
5,4
63,79
78,91
41,26
36,20
37,18
66,63
98,99
76,76
8,67
13,23
53,53
87,56
19,80
38,9
18,64
32,32
88,79
4,18
78,79
99,61
75,38
21,72
74,75
97,71
75,4
64,93
52,52
94,99
10,38
34,67
14,27
21,77
61,63
1,78
80,80
21,63
81,31
98,80
69,69
52,52
63,72
20,20
91,4
68,68
64,26
76,60
5,99
9,4
43,65
49,71
55,93
55,33
32,86
83,24
42,27
58,47
44,32
48,89
15,67
48,88
17,60
28,61
35,66
11,99
15,76
21,25
81,21
59,47
14,41
37,33
75,78
2,40
10,23
19,66
58,85
90,71
43,34
3,21
71,71
23,33
28,79
68,71
80,60
61,99
87,28
25,23
89,72
42,94
74,4
91,24
47,94
5,25
22,79
6,50
58,60
91,79
61,23
91,79
71,68
74,28
82,0
66,79
30,73
47,47
38,55
45,34
54,60
48,17
13,26
85,79
3,85
28,10
21,4
44,79
27,60
0,57
8,61
28,28
27,55
98,59
48,31
81,68
36,36
29,27
86,41
19,27
82,43
89,72
35,63
13,60
42,4
60,23
69,95
12,79
89,44
50,56
24,24
49,49
12,4
71,99
25,22
71,99
46,9
14,7
88,44
64,33
13,33
25,25
11,61
44,9
17,60
18,79
74,66
75,4
14,25
42,23
83,57
60,68
30,71
57,24
94,79
48,40
75,31
15,43
51,38
93,27
93,55
41,41
52,59
52,52
12,95
64,50
87,99
99,73
86,23
5,94
42,44
71,80
64,79
99,99
49,7
22,99
52,52
59,44
5,91
60,60
71,12
72,65
74,66
19,79
56,69
24,24
30,99
76,96
15,15
39,67
16,16
21,59
15,63
38,38
30,91
55,55
98,33
25,43
40,69
82,82
3,63
67,67
47,96
71,23
52,27
47,59
60,60
55,73
16,60
61,79
36,99
90,68
32,90
21,77
30,30
78,44
43,4
81,15
88,63
49,73
96,71
10,53
95,73
33,38
15,10
85,26
89,60
79,7
26,70
18,79
97,79
14,98
15,67
16,8
75,99
6,50
92,34
88,4
64,25
54,51
71,71
6,66
96,60
8,85
67,67
0,57
78,44
92,44
57,57
66,67
48,87
67,38
60,60
89,60
16,16
42,38
58,60
61,99
22,22
75,79
37,60
3,77
60,60
9,9
27,79
83,70
89,99
42,61
88,79
44,63
2,33
62,61
94,33
32,67
95,95
66,28
8,64
40,83
44,44
45,50
26,71
48,72
87,33
59,85
35,33
61,50
64,29
43,4
25,71
48,39
45,33
36,36
29,79
51,85
76,71
74,33
61,61
56,79
55,22
44,44
50,4
8,75
27,44
22,9
61,44
77,91
85,24
95,71
78,61
0,0
80,38
26,57
33,33
49,52
51,27
36,36
98,28
39,79
76,49
95,95
31,4
45,6
27,38
60,71
3,57
51,71
94,82
67,75
6,62
62,62
98,44
28,93
26,23
61,61
29,25
64,27
95,7
4,24
42,65
17,49
99,79
30,79
86,55
83,44
78,27
25,17
50,63
97,9
67,44
52,52
28,23
44,79
28,28
22,63
5,24
35,94
37,8
66,24
88,99
95,73
1,1
57,99
12,71
44,19
97,27
78,20
7,4
94,94
85,85
48,34
16,16
85,71
63,85
59,47
70,27
62,84
58,67
54,62
60,60
9,9
44,4
23,49
71,73
10,79
89,68
31,44
67,73
56,50
42,38
70,79
73,19
43,64
43,43
86,87
15,60
24,24
84,61
42,63
60,60
48,77
19,65
93,71
16,80
30,79
13,68
21,63
78,79
68,30
48,79
56,52
74,78
42,38
20,20
14,43
78,50
62,62
76,17
42,38
28,67
74,19
78,44
28,28
27,26
51,79
83,44
48,67
79,28
67,30
43,65
90,26
18,79
40,33
88,44
15,27
89,89
0,0
80,38
95,60
59,79
67,71
57,34
64,60
55,7
72,44
39,67
1,82
14,90
10,74
40,23
66,79
32,23
11,44
4,99
54,61
14,96
15,60
84,28
7,7
15,93
70,79
45,79
28,2
27,65
36,36
31,44
80,71
16,99
59,60
6,6
19,18
87,9
15,47
81,63
25,79
98,36
2,63
68,68
47,52
18,7
66,34
66,79
17,71
65,65
90,99
98,4
45,63
76,60
95,72
5,20
89,96
69,99
57,23
60,71
95,30
16,29
7,50
52,52
6,82
7,28
67,91
60,60
67,44
52,52
2,99
94,4
25,79
23,71
58,60
65,15
38,38
85,85
48,63
82,80
21,4
55,69
69,38
39,79
12,49
29,72
5,31
17,96
87,80
78,63
70,61
30,67
87,92
94,4
75,85
44,33
73,60
67,33
62,79
41,41
1,1
16,44
85,87
80,79
29,75
44,61
69,60
26,99
46,79
20,20
7,34
93,67
63,63
53,71
40,23
37,33
33,80
76,71
48,71
63,38
84,32
31,31
54,1
28,28
72,44
34,27
47,96
63,27
54,54
35,0
93,44
61,61
2,66
51,71
7,4
59,47
68,79
81,79
81,71
39,73
13,60
37,90
35,64
81,71
51,17
18,79
4,90
23,23
93,28
94,0
77,27
47,47
51,9
5,41
90,60
86,9
48,77
96,60
23,67
79,4
13,25
98,79
71,30
60,60
62,62
39,25
68,68
52,96
14,27
21,4
15,24
77,79
94,94
73,79
70,70
59,76
55,31
76,63
72,4
3,99
18,96
0,0
99,23
24,7
56,96
0,47
82,18
72,79
37,65
20,24
54,91
11,11
9,38
86,60
65,27
78,50
22,28
48,61
1,94
33,72
77,85
49,71
89,60
36,71
42,99
20,99
2,28
32,27
87,79
71,71
36,64
95,91
27,26
36,29
54,27
92,77
88,55
6,50
31,24
54,35
32,97
58,71
10,9
64,50
93,55
3,27
55,91
49,71
56,12
33,38
99,79
62,70
34,27
53,0
17,60
93,73
66,79
0,70
58,79
4,16
37,79
1,79
58,0
66,86
58,76
88,94
39,99
40,9
82,0
68,68
4,10
55,33
65,79
72,8
13,8
17,23
30,30
67,72
50,57
1,93
59,76
73,21
58,63
90,27
56,28
44,99
16,15
32,79
15,82
90,60
99,39
56,56
40,28
63,24
22,94
2,23
14,27
72,99
76,79
73,73
2,99
79,7
5,8
39,71
12,68
43,26
91,27
97,44
80,38
65,64
62,62
33,67
86,61
66,85
24,93
62,62
49,60
30,73
24,24
73,48
31,52
55,99
59,76
46,79
11,80
20,20
83,18
80,44
38,38
30,4
93,67
65,95
41,41
0,0
35,33
54,1
9,84
16,68
87,24
81,31
12,71
49,12
60,67
81,60
89,60
42,33
51,33
36,65
59,30
92,69
7,63
94,44
80,50
56,59
37,17
63,67
74,44
46,63
34,75
88,64
85,90
24,79
28,28
56,69
51,72
41,41
62,80
7,65
6,63
38,80
26,79
22,79
52,33
32,67
70,26
28,28
96,44
44,23
57,71
13,42
47,47
8,60
73,79
17,71
14,34
18,44
91,32
82,94
19,79
57,24
71,60
16,16
54,23
7,85
52,96
26,60
50,63
81,13
74,4
50,44
74,64
71,71
85,85
8,38
31,69
28,28
17,60
26,44
10,23
93,7
16,61
0,0
37,96
26,1
71,71
34,28
50,98
99,99
44,79
58,26
16,23
8,91
34,79
35,4
86,94
41,65
0,94
19,67
44,99
46,94
6,79
42,23
62,70
73,72
31,4
73,30
62,71
97,79
97,67
0,0
57,0
19,79
46,23
53,60
69,60
47,47
13,33
84,42
67,61
43,15
80,38
59,55
20,20
76,71
65,79
79,63
99,61
62,62
58,91
55,18
26,33
1,91
46,33
90,31
66,79
69,66
39,31
71,79
88,23
6,44
51,80
34,93
31,60
80,64
67,22
78,38
84,90
23,60
23,71
68,71
74,7
78,33
78,96
86,75
1,42
61,10
2,27
72,4
32,27
64,69
43,79
60,71
27,67
62,61
91,91
81,71
64,63
35,57
32,34
91,64
85,52
70,79
28,33
59,59
22,61
43,63
35,72
9,55
74,63
84,61
72,4
81,67
95,95
16,57
25,10
12,60
24,24
61,61
50,24
9,70
8,25
20,20
11,63
49,60
0,61
55,4
31,72
18,80
35,79
23,23
47,47
47,4
30,50
88,99
32,94
40,95
97,79
17,71
81,79
76,73
62,32
39,99
72,67
95,71
9,9
30,79
86,28
98,67
48,67
11,99
88,79
9,83
88,79
21,4
36,9
55,32
82,92
40,71
47,94
10,44
61,71
92,33
93,73
15,8
54,38
88,99
33,33
35,57
39,73
70,54
15,71
36,65
94,94
70,70
96,71
70,70
92,79
16,44
3,31
86,52
71,4
42,79
99,61
16,16
46,27
28,67
98,87
42,24
17,33
89,71
14,63
57,24
81,68
74,33
4,64
10,32
81,71
40,28
49,91
29,24
87,27
58,8
36,36
65,4
83,60
10,61
34,44
12,33
5,99
17,71
29,91
80,79
80,44
6,24
65,65
9,9
55,45
38,65
88,51
28,33
43,44
57,94
50,34
99,99
20,20
0,27
32,60
90,52
70,44
14,65
31,33
88,79
56,56
23,67
71,68
4,36
11,11
4,44
39,99
66,46
96,60
63,63
13,15
39,95
27,80
31,29
84,79
7,34
37,44
18,63
43,55
96,55
2,61
6,63
59,99
78,23
19,15
39,23
97,4
6,60
39,40
77,36
74,44
52,68
5,72
61,28
21,24
20,20
50,95
65,79
48,48
39,47
14,26
74,50
36,79
12,71
93,73
43,55
51,27
79,79
78,64
6,82
4,27
36,31
32,93
25,20
97,4
94,34
34,4
34,65
59,52
22,61
16,62
70,29
9,98
25,71
77,79
74,24
17,68
28,30
47,56
43,79
13,95
50,26
97,91
49,71
78,44
68,68
99,73
52,79
28,95
80,31
43,26
23,28
23,99
55,5
74,44
87,43
50,66
5,50
51,94
63,79
2,80
57,33
99,8
53,53
85,10
74,4
72,73
75,65
94,65
95,95
40,28
33,63
49,60
64,79
8,79
37,71
0,61
86,71
9,67
51,3
40,69
9,9
39,99
70,28
96,96
44,93
62,43
32,68
61,79
35,64
8,80
2,79
66,79
66,27
46,65
73,83
56,60
20,20
95,30
68,8
52,33
94,32
22,61
9,9
23,76
11,79
55,4
44,79
47,7
20,61
17,17
11,44
73,73
96,96
60,71
28,28
10,78
0,0
10,4
31,60
44,38
29,28
24,24
23,23
52,96
60,85
81,71
57,60
52,52
87,99
27,71
22,23
83,79
22,91
40,29
56,38
1,77
45,78
29,30
60,60
65,44
7,99
88,44
48,3
8,94
29,65
18,80
71,71
80,38
55,23
80,27
73,67
27,38
5,93
69,44
46,97
64,67
42,44
90,79
52,96
1,79
39,99
39,80
86,25
75,67
2,57
36,71
13,50
57,99
30,71
74,4
85,2
33,4
6,7
3,79
72,71
54,71
47,10
91,79
71,71
7,68
98,29
69,71
56,60
14,80
50,57
37,68
40,52
97,79
72,26
88,79
10,63
75,67
83,87
74,79
66,21
52,52
52,52
86,50
66,63
24,24
69,99
41,41
13,31
39,23
5,72
61,61
48,71
44,7
23,99
38,28
44,65
64,77
30,30
2,79
54,29
12,60
21,59
56,71
72,99
93,97
46,85
73,73
47,63
89,38
24,24
52,52
75,72
20,20
67,81
92,19
96,69
5,32
63,63
39,99
67,99
45,79
67,71
2,36
79,44
76,60
27,4
81,1
89,99
83,44
60,91
48,44
2,71
2,2
30,73
2,69
21,4
82,82
90,77
94,94
74,4
71,71
75,74
79,15
42,33
75,99
14,34
89,74
50,79
83,44
42,65
67,67
81,32
73,67
52,96
17,60
76,76
5,39
42,57
68,71
13,61
37,47
94,10
92,62
0,94
48,25
15,43
15,69
39,71
40,33
82,73
31,88
94,98
99,44
68,68
52,47
19,44
4,24
54,71
89,96
40,88
27,71
97,79
14,44
93,29
66,23
74,72
26,24
36,23
9,25
66,71
44,4
59,64
33,72
79,79
63,7
97,64
43,99
48,8
78,44
25,25
32,9
18,38
40,73
44,44
80,80
16,61
45,65
45,79
12,69
99,99
18,79
6,18
41,93
46,68
69,69
18,27
44,32
34,38
32,32
30,30
9,73
72,47
85,85
15,60
92,4
5,71
71,49
52,52
56,47
88,79
22,22
64,57
31,60
63,85
14,36
56,28
99,83
72,95
22,22
20,20
67,63
57,20
93,55
29,29
72,80
91,91
64,65
36,79
22,61
49,71
26,78
84,63
47,59
34,53
85,63
9,60
22,74
29,29
39,73
32,24
94,50
93,4
25,33
18,4
53,53
12,12
27,27
10,4
99,29
88,79
16,60
91,4
78,7
7,24
72,55
12,44
97,38
37,68
86,39
87,91
57,65
36,28
35,96
44,2
57,44
27,79
31,31
3,33
26,99
7,57
96,79
39,44
43,68
34,28
89,71
48,39
56,56
18,99
45,94
92,62
97,66
8,60
18,4
66,44
81,4
37,23
51,38
10,61
77,77
97,4
33,33
60,71
43,94
10,33
50,85
31,31
84,99
49,60
78,61
24,24
68,60
98,66
58,43
51,71
93,86
36,22
74,44
78,78
55,60
50,71
25,79
65,36
86,52
35,44
33,60
92,79
37,34
71,23
61,38
5,39
79,79
71,98
20,20
59,79
67,67
28,9
76,90
31,47
50,79
62,53
9,99
4,63
54,31
38,44
11,9
59,52
84,71
63,4
66,71
35,38
52,52
73,73
87,87
62,63
15,57
11,43
59,36
20,24
47,85
96,60
26,72
36,27
35,66
77,65
38,38
24,24
2,32
17,60
36,65
80,99
74,7
41,41
32,96
23,79
76,52
44,99
91,30
21,97
81,19
53,51
55,75
47,71
79,18
19,67
31,23
82,14
64,63
3,76
49,71
35,38
97,27
58,77
43,88
20,20
86,40
22,79
32,71
18,27
53,53
60,60
36,99
83,83
18,80
32,0
66,44
99,34
51,55
35,24
69,99
28,79
11,28
22,78
49,49
21,18
93,44
1,61
55,66
51,31
55,27
51,79
67,50
92,99
76,71
52,96
31,96
82,82
75,77
61,61
55,44
90,60
78,44
34,40
87,90
39,9
85,60
70,44
2,2
14,80
45,79
1,67
95,4
90,33
64,63
55,80
12,66
91,73
47,52
2,23
99,28
79,94
13,22
8,99
84,99
27,27
11,67
71,60
21,77
28,33
8,67
55,99
67,24
75,75
40,40
17,79
4,33
95,73
63,63
51,79
48,48
65,41
6,24
39,77
39,65
42,31
49,71
14,41
83,27
23,61
78,44
47,94
81,81
41,44
76,76
99,79
97,32
24,9
24,40
76,28
57,9
80,93
16,79
44,1
54,64
92,24
30,67
4,63
2,63
1,30
39,99
98,57
90,60
74,84
81,79
74,74
64,79
42,31
59,52
69,60
67,27
66,96
10,63
52,52
22,2
11,66
69,71
39,61
15,60
77,77
36,2
23,23
41,41
94,83
45,24
17,60
14,1
62,43
9,64
4,63
37,60
13,71
77,79
69,67
72,71
22,23
75,75
45,24
3,99
8,71
24,57
28,94
4,38
57,26
10,8
2,2
0,57
89,75
7,7
94,94
68,67
66,88
17,60
5,30
90,8
77,67
34,71
77,79
26,44
35,9
52,52
70,79
29,96
94,94
37,33
83,59
40,24
0,57
92,79
96,52
4,4
78,99
80,59
6,79
85,96
59,17
96,65
8,27
70,69
62,62
25,47
22,93
1,39
82,80
93,29
82,4
96,52
70,40
8,67
19,38
67,30
4,79
86,35
19,33
17,69
32,64
38,67
57,61
84,52
10,7
40,40
12,33
33,33
94,44
68,60
8,96
89,52
69,73
95,26
43,44
60,60
11,80
0,44
12,71
90,68
2,44
54,61
45,61
65,61
50,67
3,19
68,33
17,60
35,0
81,32
32,18
9,9
99,83
77,38
84,77
22,61
30,67
23,79
36,61
73,67
80,99
92,27
92,42
31,4
9,9
86,28
91,91
26,8
85,17
30,60
12,64
54,36
39,88
76,69
45,26
67,67
51,38
57,39
19,31
48,44
81,4
55,55
38,38
27,79
54,79
81,76
84,60
0,94
64,79
42,27
77,18
52,52
92,71
82,53
12,71
89,38
53,47
21,39
18,44
92,60
36,78
44,44
35,27
31,55
62,62
41,8
65,64
28,99
20,20
92,79
33,34
21,21
86,80
72,86
18,44
56,56
88,47
76,73
71,71
48,38
12,33
45,0
60,68
99,65
84,40
24,20
37,68
86,85
76,69
84,64
51,82
60,60
97,27
29,79
65,80
88,75
7,79
83,36
59,52
96,99
53,94
32,85
79,44
87,9
33,79
46,91
22,60
38,73
47,78
24,23
3,90
54,73
85,71
65,99
75,77
4,63
80,76
76,71
92,94
84,18
61,26
31,38
66,27
39,79
29,38
35,56
91,8
64,68
7,44
80,80
96,47
89,65
83,53
32,97
1,28
85,78
75,3
9,9
25,55
87,96
59,31
38,67
82,82
27,79
6,98
26,67
34,99
14,24
14,44
46,69
70,57
17,60
84,71
97,91
49,95
69,67
59,33
50,32
86,93
61,38
40,79
66,36
50,42
29,24
49,71
26,25
53,53
73,73
85,60
46,46
81,69
25,71
68,9
71,71
14,71
87,79
37,89
86,57
72,39
28,28
93,25
62,57
72,90
41,67
98,35
51,63
46,94
36,32
20,20
57,27
1,1
96,44
16,39
38,80
59,76
85,96
95,24
23,23
14,63
53,24
50,99
2,67
9,94
42,80
21,72
12,33
73,71
29,24
81,79
63,65
64,27
89,52
97,91
63,77
84,99
84,87
6,88
3,99
9,26
44,4
7,7
39,78
1,1
68,71
83,57
71,71
69,23
84,79
23,69
51,71
40,40
63,21
17,60
31,60
48,39
48,38
2,36
50,4
66,38
98,9
44,38
12,71
14,14
56,67
58,38
70,70
85,50
70,0
94,94
41,77
97,79
5,57
80,4
15,24
62,31
2,4
58,44
56,52
13,68
72,41
97,79
25,20
87,27
19,76
92,44
24,41
34,44
93,77
45,40
78,71
68,60
89,7
31,63
73,95
85,52
50,64
95,68
80,60
96,96
76,99
32,60
77,91
19,59
59,33
84,79
48,67
10,45
32,79
98,50
33,33
69,71
14,79
69,60
36,63
72,67
65,61
94,60
86,87
64,67
16,85
90,4
56,44
4,67
96,57
83,38
71,71
51,34
41,4
65,44
61,61
63,67
96,33
62,31
85,60
74,44
57,94
23,23
20,99
38,38
15,38
25,60
72,38
62,79
37,76
62,1
15,60
47,96
75,24
26,62
28,28
27,60
37,36
58,57
46,1
48,48
52,52
79,60
71,71
7,24
60,60
60,60
38,69
49,71
62,0
0,1
19,44
46,18
90,17
5,44
22,56
34,38
75,44
41,79
65,36
51,33
65,74
46,46
1,63
14,79
17,60
65,99
98,53
45,79
14,79
90,72
35,99
30,95
8,8
21,24
28,28
18,44
65,75
32,60
34,71
48,39
75,30
29,67
92,62
76,71
30,30
93,75
4,59
37,31
82,50
9,68
11,57
54,54
8,9
43,27
67,34
30,91
8,68
40,44
53,0
1,79
93,23
26,99
93,30
6,77
87,33
22,79
91,27
24,24
75,79
34,67
86,64
8,38
8,67
42,44
51,60
94,44
81,66
18,79
85,41
48,23
35,2
20,77
50,66
19,55
55,3
26,26
64,32
78,27
15,79
72,38
93,73
65,4
95,95
87,77
72,91
35,50
27,33
36,79
97,38
73,29
35,64
12,71
24,7
70,4
4,34
26,29
71,60
34,38
67,73
20,60
85,38
74,44
99,67
92,94
99,74
21,19
50,51
36,69
82,80
95,73
71,68
61,61
23,23
15,28
77,90
40,28
74,79
25,72
19,33
67,73
6,24
61,79
68,33
46,21
5,20
10,24
11,67
41,4
55,99
96,60
57,83
30,97
96,56
88,27
92,94
72,4
51,60
19,15
40,23
2,67
76,23
54,44
22,94
68,33
70,64
0,94
5,7
42,68
11,66
61,10
88,34
67,67
77,44
34,99
29,87
97,27
13,60
29,79
8,79
15,50
70,86
29,7
19,96
40,3
47,52
8,24
50,63
26,99
89,71
58,85
86,79
85,89
61,10
96,96
75,79
80,23
95,61
17,60
93,71
80,71
3,29
53,94
23,99
55,2
27,4
40,99
9,77
42,33
50,4
92,26
87,95
43,27
42,39
79,23
52,96
9,9
32,63
42,79
57,8
56,60
99,40
57,38
81,4
9,9
70,4
51,27
50,27
42,97
10,61
70,68
40,49
40,28
63,89
50,66
19,39
62,79
28,46
94,99
52,47
86,44
98,21
13,65
70,42
9,94
19,20
15,78
68,60
66,27
24,99
63,63
56,2
60,60
12,71
53,10
36,43
98,9
20,11
92,74
24,24
16,16
26,24
12,68
33,60
45,55
71,23
61,61
30,73
45,80
75,38
94,50
29,29
48,27
97,72
95,73
12,71
80,4
63,63
85,96
33,72
23,39
32,62
46,99
70,61
51,27
8,60
29,44
56,96
11,9
60,60
48,33
21,9
21,33
60,68
56,52
63,93
42,27
33,33
79,30
17,60
20,44
16,50
7,80
91,58
34,44
14,19
92,44
6,77
89,65
13,60
85,96
96,47
27,65
81,19
63,63
59,24
10,10
78,79
18,4
53,0
17,9
27,36
43,88
61,91
54,39
25,90
79,65
68,60
31,4
69,28
64,32
83,10
41,41
23,71
35,21
96,60
20,20
87,4
90,60
52,52
26,10
83,53
67,38
20,20
20,79
7,24
83,44
27,79
45,19
68,71
93,20
86,27
12,71
60,71
73,78
99,40
1,67
92,80
80,4
26,28
58,33
88,38
97,63
88,60
19,63
34,28
23,71
19,60
13,63
44,91
48,26
58,67
16,28
63,64
80,7
55,30
4,52
32,10
46,60
98,44
32,96
45,74
87,94
97,44
12,42
8,38
45,94
92,79
31,67
62,62
61,10
89,19
62,62
78,61
83,53
45,10
85,38
28,99
37,67
54,64
30,39
95,30
7,99
59,76
24,24
94,60
7,24
94,91
94,15
11,97
42,4
65,65
47,52
40,52
38,18
4,79
80,27
82,62
46,79
75,4
51,33
74,50
34,80
5,23
85,63
30,95
74,20
22,61
95,29
81,85
92,0
91,4
52,52
51,79
44,20
62,62
65,94
76,83
84,77
0,79
43,79
48,48
67,69
62,70
89,27
83,94
18,80
31,50
19,33
8,26
68,68
97,71
3,10
83,44
70,80
39,16
0,0
86,25
77,33
58,28
19,4
89,49
90,65
81,33
61,61
41,79
80,79
52,52
66,65
68,71
80,27
43,63
11,79
25,68
27,65
35,29
50,78
88,75
14,63
75,27
53,53
3,96
5,76
35,16
82,4
7,7
90,42
61,61
7,93
91,44
1,79
5,69
17,79
72,76
41,44
94,4
33,44
67,44
33,79
39,25
23,23
6,79
31,79
63,64
71,60
67,55
93,60
84,4
46,9
74,79
33,60
77,60
65,55
50,57
98,79
51,63
72,94
36,94
3,23
41,41
47,44
54,54
87,68
37,33
75,75
74,27
71,71
14,24
57,19
9,19
44,99
57,57
83,24
45,26
61,96
52,10
63,44
89,79
10,99
85,47
39,71
7,65
25,44
98,83
74,5
70,61
70,53
49,23
70,70
87,44
90,60
15,65
65,4
97,79
36,94
83,34
82,14
51,60
32,65
7,36
74,93
80,91
2,33
28,9
78,79
40,4
36,99
91,68
91,33
99,99
73,73
24,64
83,0
42,79
92,34
90,60
50,29
82,24
24,24
65,79
16,30
40,99
39,99
7,44
31,79
10,36
51,61
96,64
51,80
29,2
66,79
83,62
30,30
84,68
29,94
5,99
10,77
53,0
74,8
72,99
34,60
15,79
44,39
25,79
66,5
10,99
55,20
48,74
95,30
63,79
64,99
77,50
3,4
13,38
18,18
92,5
55,33
13,39
30,4
29,29
91,91
91,91
61,61
75,79
58,71
60,71
70,71
46,71
52,93
94,44
89,27
90,25
56,52
57,4
43,63
60,60
45,19
30,30
59,27
78,44
6,63
80,44
80,79
54,71
83,79
60,60
76,60
92,99
18,79
14,79
26,8
9,9
81,60
85,96
32,76
63,63
43,44
56,23
87,4
78,79
45,79
99,30
70,94
8,71
12,72
65,80
80,79
58,27
17,68
39,76
53,53
66,27
48,33
25,76
88,24
32,95
97,79
87,99
37,33
40,60
91,96
16,42
27,3
33,33
86,24
89,59
5,27
76,69
83,59
74,74
85,60
24,24
93,63
32,23
76,76
45,79
5,36
52,96
46,75
72,37
40,40
58,73
84,84
6,7
91,27
38,27
35,79
66,55
25,44
79,99
57,94
23,99
14,14
15,55
86,86
75,99
45,39
6,63
22,61
33,80
76,76
52,52
41,60
90,49
22,94
34,67
45,79
66,93
7,79
95,30
11,44
1,1
23,23
3,79
22,85
5,51
80,27
93,66
27,34
86,28
69,24
92,62
53,61
54,91
63,67
18,38
84,20
66,63
8,79
59,79
8,71
42,50
62,65
29,99
30,4
73,30
2,2
96,96
39,42
4,27
22,32
45,42
83,60
58,74
73,73
18,67
84,94
4,63
5,20
2,50
18,75
23,23
29,24
85,87
34,38
42,67
16,1
86,94
65,99
95,95
45,74
97,0
0,0
20,10
46,47
44,79
86,24
92,44
29,79
85,85
82,82
91,71
82,53
17,60
38,42
58,69
12,23
26,78
54,86
28,28
58,99
79,79
1,1
4,29
95,79
10,61
3,76
33,40
23,42
91,84
73,27
1,79
1,1
35,9
10,94
19,68
88,33
11,12
29,33
56,44
0,67
54,64
61,10
20,24
13,34
17,60
53,53
89,79
18,38
81,55
6,62
96,47
41,50
26,44
26,99
25,87
60,69
22,96
73,33
4,78
47,96
24,24
18,31
78,79
17,60
7,38
0,0
87,87
26,74
95,30
14,63
56,32
18,79
12,71
54,44
21,60
79,44
8,10
43,79
39,79
24,43
40,40
53,53
35,30
21,27
31,99
8,79
57,37
33,44
82,54
35,66
6,4
5,63
40,67
65,27
22,61
16,50
64,44
57,94
98,0
64,79
88,50
55,23
58,68
27,26
36,79
13,50
91,7
84,8
9,61
5,71
9,28
65,98
85,44
70,1
59,52
93,85
2,36
59,52
79,95
70,62
34,46
97,79
86,23
49,71
18,28
55,34
70,51
73,60
38,17
34,42
61,23
69,2
37,64
64,31
24,61
3,71
78,4
74,1
33,71
35,79
1,91
84,67
22,33
86,61
4,67
91,91
13,33
90,96
68,23
60,12
84,63
0,70
34,79
18,79
32,50
92,70
14,38
96,49
35,75
86,94
3,18
89,60
79,71
15,99
66,77
35,33
50,7
12,68
41,40
31,33
34,31
93,39
84,79
26,99
74,79
78,41
50,51
57,27
54,41
2,94
95,30
44,20
66,38
60,68
26,79
58,94
82,62
67,25
98,44
89,60
28,28
55,44
95,72
76,99
60,60
76,71
91,91
37,66
2,4
3,21
62,62
43,79
91,64
48,48
63,99
34,63
56,33
34,78
53,44
3,4
28,99
8,60
40,79
44,34
33,26
61,61
60,60
73,73
61,10
26,44
59,55
4,43
49,71
92,71
92,71
6,79
72,61
86,79
18,26
20,31
55,21
0,65
85,89
75,9
18,98
23,71
74,4
95,99
81,63
58,44
73,95
60,68
21,4
14,80
19,49
87,79
47,79
79,44
90,90
75,32
73,79
15,71
41,63
39,64
99,33
11,79
94,96
45,24
91,64
36,38
77,99
3,3
75,99
92,62
94,51
61,23
50,90
38,67
12,60
1,1
0,36
30,91
84,4
98,99
29,7
7,79
18,26
48,63
89,72
91,91
84,33
63,90
62,26
31,50
40,24
55,71
30,71
61,10
86,16
47,22
33,60
11,79
25,86
14,44
28,31
75,19
11,71
81,85
61,56
73,30
79,7
5,99
88,23
56,60
81,76
31,33
84,86
69,60
30,30
6,27
68,74
70,70
12,31
74,27
7,55
21,94
55,99
71,60
5,5
14,63
48,26
18,96
0,0
70,9
38,47
26,4
24,7
69,68
16,55
9,26
42,64
41,41
39,26
27,55
0,57
70,80
85,26
9,94
43,44
79,55
77,55
75,79
74,21
80,79
42,79
67,10
8,68
0,0
36,78
89,60
43,94
46,71
69,93
56,71
42,79
10,79
71,71
98,10
55,32
40,99
16,91
0,19
21,86
2,34
1,27
64,7
52,47
43,79
83,43
65,80
68,60
18,31
1,27
25,71
96,71
46,63
47,60
90,71
2,79
28,79
37,49
61,23
31,60
77,34
4,63
92,80
38,33
93,73
28,33
39,39
18,80
41,41
44,79
49,71
1,53
11,59
19,79
91,24
82,82
4,4
60,60
34,34
56,56
19,26
32,76
74,44
87,67
99,99
72,73
98,39
8,33
58,0
93,73
87,93
87,29
24,94
35,87
43,71
52,52
6,82
4,30
33,79
8,8
63,50
26,0
34,27
39,39
97,42
47,52
75,74
33,64
87,49
49,59
46,46
16,16
33,33
76,80
41,41
97,69
8,97
75,65
17,60
80,65
93,73
27,38
4,4
41,77
49,60
30,30
31,50
21,67
77,80
90,50
54,85
87,87
86,94
37,37
47,49
66,80
2,35
73,73
55,12
25,10
62,57
26,79
19,44
28,61
15,71
14,42
59,52
69,60
45,75
92,63
39,79
42,23
58,79
49,17
48,79
44,44
71,71
48,25
69,79
9,28
77,44
25,79
35,35
23,71
66,66
66,33
88,94
82,60
1,38
39,23
88,67
93,73
82,56
7,79
17,60
56,76
40,79
70,70
1,43
68,68
59,52
69,69
45,34
16,16
6,62
85,60
12,71
99,61
88,77
40,94
68,60
36,34
23,71
17,60
13,4
20,10
46,75
75,27
61,66
70,80
58,67
42,38
51,96
75,4
73,2
70,71
37,44
28,28
90,85
95,76
88,50
68,60
38,38
95,73
77,63
16,77
58,55
99,4
39,73
56,69
17,60
33,33
77,80
63,4
87,27
75,64
4,79
16,79
94,20
55,91
76,52
60,90
97,97
1,91
0,57
75,63
31,44
55,23
71,71
75,4
52,96
6,7
43,44
14,74
84,36
14,65
51,63
1,94
88,44
53,53
66,67
5,94
56,47
32,61
52,52
40,9
24,24
86,59
54,79
54,70
88,99
61,61
87,94
54,54
24,91
10,94
85,69
17,60
90,71
22,22
86,86
77,33
79,80
94,79
45,4
0,0
39,99
89,5
82,80
41,7
87,35
91,91
73,93
4,26
62,53
72,22
98,9
10,79
11,34
28,28
38,99
74,79
70,79
13,77
7,24
15,50
24,55
76,71
98,72
67,4
79,99
15,67
47,96
47,96
93,2
73,26
13,55
26,10
70,80
95,73
60,60
70,70
11,31
82,79
66,68
34,24
6,38
65,1
62,62
74,44
46,60
36,79
88,44
96,96
48,72
79,80
50,64
19,22
83,96
66,79
68,68
97,4
64,28
16,16
61,50
16,69
84,10
18,64
29,9
63,7
57,79
9,44
38,44
43,79
74,4
15,60
1,30
67,34
91,33
1,1
84,30
69,60
13,96
10,94
33,44
80,79
68,68
30,30
8,79
3,63
13,98
45,66
18,79
20,7
35,79
28,28
93,99
5,68
53,53
34,4
27,64
93,67
18,74
44,23
93,93
37,60
77,64
46,23
31,52
69,63
47,96
57,10
30,71
85,32
80,80
1,70
82,44
45,25
66,79
18,65
58,26
31,79
42,44
23,32
90,85
18,38
83,53
19,31
51,70
80,27
23,79
64,87
61,61
40,99
51,79
99,83
28,28
19,44
63,96
7,63
97,97
78,79
34,0
84,71
13,68
50,24
17,71
28,28
29,29
10,67
57,57
83,96
83,62
53,62
73,67
7,7
59,59
82,82
34,79
15,60
68,68
68,60
34,31
82,82
75,75
37,72
8,79
94,51
16,9
24,7
21,67
8,71
96,60
53,99
49,67
38,77
85,79
27,38
32,60
96,96
20,61
29,29
43,67
69,67
94,5
26,70
92,44
23,60
91,91
34,24
48,8
71,71
53,53
25,79
0,61
59,67
57,63
69,71
73,4
27,99
12,94
42,27
61,79
21,31
72,30
88,63
28,61
15,71
24,28
1,79
77,67
67,79
82,7
5,91
64,79
51,38
52,47
79,65
70,62
46,77
1,63
59,52
87,99
68,71
88,79
76,68
45,45
15,43
79,38
1,4
35,26
94,99
79,27
16,0
49,71
26,57
72,85
60,60
73,73
9,44
75,38
5,79
72,7
27,4
67,44
38,59
18,42
45,33
36,79
40,71
96,90
35,91
7,26
85,60
30,95
14,79
51,34
79,99
76,33
99,61
86,87
15,79
29,91
63,79
66,33
62,26
80,60
24,24
57,53
43,80
78,50
33,68
99,99
95,95
93,9
72,67
71,71
77,79
86,85
64,79
4,95
23,38
62,44
50,44
17,60
98,61
21,33
32,29
57,57
99,61
2,93
6,67
70,94
82,47
82,67
94,20
95,95
81,80
96,3
77,63
33,67
67,69
31,99
60,71
7,94
74,44
63,42
62,62
82,33
36,63
12,42
31,60
47,18
75,75
77,94
29,85
94,94
27,27
70,32
95,79
32,71
38,16
67,29
37,71
2,60
65,61
40,34
53,53
87,79
95,71
53,53
42,27
43,21
89,79
69,99
93,4
81,38
84,44
71,71
31,71
33,4
73,73
75,26
85,96
47,47
97,27
54,94
13,65
24,44
46,71
62,60
92,42
53,53
98,60
66,52
45,24
48,26
94,99
16,94
69,94
60,60
27,97
35,29
59,71
47,52
44,79
57,79
4,96
83,75
89,60
71,71
58,68
52,52
46,59
58,68
98,63
22,91
62,9
47,52
2,23
58,55
77,38
96,60
86,91
33,1
13,1
69,33
97,63
14,4
51,91
2,44
4,4
29,99
58,63
44,78
6,34
80,38
81,55
99,67
28,44
50,38
57,94
88,79
25,57
38,96
71,69
47,60
53,79
48,48
79,44
59,69
29,65
82,62
90,63
26,67
81,44
17,52
14,4
69,69
25,60
32,60
39,99
14,36
89,68
3,63
67,44
78,28
28,28
98,24
88,27
20,86
3,28
18,33
60,71
48,27
69,18
18,33
41,18
6,43
39,67
44,65
15,96
37,60
57,79
48,48
98,69
89,71
67,73
77,4
38,8
71,99
21,33
96,47
11,20
13,79
84,36
73,73
58,27
73,4
35,23
31,71
83,44
59,71
77,38
50,33
41,60
89,33
19,56
54,28
4,7
68,68
9,24
91,91
67,30
19,41
40,68
71,71
57,38
38,67
9,9
82,82
3,67
76,71
20,43
60,71
42,96
94,82
26,79
72,30
6,79
25,99
61,23
36,79
4,4
14,24
61,79
60,60
14,44
62,4
27,60
66,31
16,85
67,95
93,9
23,71
33,66
88,79
18,79
58,63
0,1
83,9
23,23
85,79
56,63
20,2
45,99
20,20
30,73
96,67
19,63
15,38
98,40
51,9
26,79
0,83
56,24
47,96
57,44
59,96
10,1
51,60
65,4
3,80
23,49
9,9
77,44
43,61
15,79
55,67
77,65
19,38
73,95
77,39
7,24
29,60
4,26
61,36
64,1
30,67
39,39
70,43
19,10
51,79
9,78
17,96
28,63
45,75
28,99
12,68
83,79
49,60
63,38
71,12
12,60
11,63
77,27
35,66
29,60
40,79
15,99
84,79
19,96
66,59
70,62
62,53
34,38
94,22
72,67
35,43
50,79
99,75
33,80
90,44
16,16
56,79
4,47
24,7
60,71
3,63
19,79
14,10
23,23
68,68
91,71
81,9
61,10
90,68
21,33
57,94
22,99
87,87
82,82
12,60
38,60
10,63
93,24
77,75
84,79
41,41
64,44
76,33
25,71
91,91
94,94
42,20
79,99
19,67
76,67
87,44
18,57
51,4
1,79
50,1
37,60
6,79
45,94
23,44
0,57
55,33
91,1
89,4
95,23
48,63
45,79
54,44
69,71
82,79
68,68
56,52
94,99
80,67
40,33
67,30
71,71
5,23
50,33
60,60
79,99
0,0
44,64
55,79
46,45
80,99
2,2
32,96
92,96
45,61
69,28
97,66
13,96
30,26
27,7
74,1
8,17
17,49
42,79
91,39
11,59
36,38
69,23
50,50
57,63
84,23
90,31
85,60
3,44
91,71
79,36
76,76
13,4
8,8
92,68
69,60
82,43
7,99
73,29
89,89
32,52
42,68
39,95
26,29
80,44
74,33
15,38
74,20
16,86
57,44
94,9
60,59
33,64
83,79
62,70
85,47
48,48
33,60
11,9
5,79
2,50
18,63
75,75
75,65
4,38
3,63
72,27
17,96
89,60
70,79
19,77
36,67
77,79
67,67
83,53
63,27
2,50
92,62
17,71
98,99
99,30
77,10
56,56
22,43
84,27
14,79
71,71
94,94
44,99
73,85
41,41
96,47
91,99
85,96
43,79
82,82
40,69
97,76
42,79
96,67
47,52
22,72
1,62
46,36
78,44
72,79
93,41
85,85
18,79
63,71
65,99
25,96
44,99
2,60
86,44
45,67
59,59
2,9
54,22
11,33
56,23
75,38
47,52
76,23
20,96
48,38
97,91
9,9
45,65
38,38
84,79
3,3
36,23
43,44
84,94
18,38
6,82
9,23
72,71
38,44
6,44
75,50
15,52
29,24
35,60
25,84
95,71
3,21
58,33
74,91
44,60
83,0
91,38
74,79
86,25
25,95
38,79
58,99
36,24
90,96
8,68
49,43
65,26
95,99
92,99
14,79
81,44
0,33
58,34
96,94
1,79
61,95
59,69
21,21
60,60
89,99
82,82
10,99
80,26
52,52
65,80
55,55
32,7
77,67
69,99
26,67
42,42
79,68
46,59
20,93
38,67
52,52
15,80
7,99
65,65
63,63
96,52
26,0
29,7
3,27
79,79
39,99
30,30
99,99
2,33
8,52
19,60
52,96
69,16
58,47
54,99
82,62
3,21
82,79
93,30
70,0
99,79
21,38
17,56
56,33
64,61
74,63
1,70
62,94
61,22
85,32
78,79
58,69
28,63
53,53
74,44
47,29
5,20
34,63
81,90
64,63
77,30
30,44
66,85
4,79
45,44
30,73
98,79
44,33
95,63
87,65
63,80
87,87
26,44
41,41
70,1
22,33
21,21
32,71
90,60
36,99
85,72
74,20
87,79
21,3
87,21
71,71
53,1
27,67
63,50
1,79
8,71
93,99
98,21
61,61
88,69
37,60
10,71
83,53
91,27
85,71
34,18
24,93
50,65
49,71
12,59
28,10
74,73
44,44
58,23
45,99
87,66
79,94
32,44
14,3
47,47
31,65
77,60
59,79
60,71
71,71
25,71
67,67
81,44
98,24
54,79
67,73
17,99
21,79
1,61
88,7
21,63
77,70
95,79
91,79
12,71
15,4
82,53
22,33
16,79
66,63
25,33
1,63
29,78
29,24
73,73
27,65
81,60
63,63
53,82
23,67
13,33
86,86
44,79
71,71
28,61
75,85
98,51
64,50
79,79
16,16
8,44
77,75
22,22
81,7
87,71
10,34
65,33
62,62
49,68
70,79
57,57
74,4
64,4
40,61
91,91
23,65
13,85
80,79
6,19
42,38
46,71
30,23
95,63
35,35
5,94
41,38
36,79
59,60
12,60
43,79
86,23
97,27
53,94
50,79
80,63
3,79
61,22
20,61
22,96
57,4
25,16
71,99
55,33
68,71
20,20
33,60
67,23
87,94
16,24
41,41
66,34
44,55
25,44
63,0
1,63
15,4
42,44
6,94
85,72
8,99
2,39
5,65
45,24
5,44
71,79
56,59
99,99
73,23
78,99
2,44
76,71
50,38
30,73
53,57
91,71
81,60
65,71
92,0
23,65
11,99
95,73
40,40
30,76
62,99
35,20
23,23
78,15
96,79
67,99
36,44
8,8
15,60
4,24
80,79
27,67
60,60
7,77
54,99
48,22
16,16
57,16
94,26
30,79
92,62
43,44
62,62
58,65
19,19
23,23
38,44
28,63
96,79
95,71
10,61
99,99
86,86
53,63
89,4
11,44
52,52
58,60
54,79
85,90
74,93
72,38
82,53
72,4
73,91
43,49
37,68
34,44
47,60
52,52
40,66
53,62
45,4
8,79
83,4
3,19
90,18
40,71
28,95
53,53
32,79
59,40
4,33
33,60
62,57
89,63
44,79
12,99
4,99
89,27
98,38
78,99
82,10
91,67
31,71
91,91
47,33
9,9
73,73
69,99
36,91
57,85
91,28
95,76
37,60
61,61
83,0
69,71
11,28
80,42
76,17
31,72
10,16
90,33
98,80
94,57
24,24
39,79
1,92
33,60
29,60
29,63
7,24
39,65
15,79
99,44
3,63
41,71
66,44
80,36
27,27
45,57
55,79
32,59
5,71
45,33
9,9
72,32
33,50
38,99
40,30
24,9
59,52
65,65
46,96
38,63
23,23
39,99
25,60
97,91
66,91
46,25
52,52
29,26
56,52
98,18
82,62
41,99
38,67
51,79
79,79
19,91
18,34
95,73
64,80
78,99
96,80
49,71
64,96
40,40
36,57
97,79
40,9
45,18
49,60
62,62
10,73
56,67
4,78
77,49
81,17
91,84
5,71
87,87
3,63
50,36
80,79
86,24
89,67
17,60
12,60
80,63
72,87
79,99
67,79
40,57
13,60
98,65
37,15
21,50
76,76
32,50
59,59
49,71
30,99
60,60
80,9
51,27
66,4
87,27
38,38
63,52
53,53
4,77
48,68
24,24
13,10
31,26
29,26
84,5
46,65
61,61
24,24
34,57
98,65
45,72
99,79
27,2
51,79
91,61
0,0
72,50
50,55
57,24
4,44
60,60
81,33
86,16
9,79
11,65
92,79
99,99
77,55
57,57
14,62
2,42
70,79
69,60
69,23
32,25
79,56
44,79
58,79
0,85
20,66
7,82
45,24
82,82
79,79
58,71
73,71
58,2
75,34
85,85
55,19
70,79
29,77
97,64
11,27
53,1
37,59
73,73
28,62
86,79
50,4
24,24
31,90
95,30
1,61
2,44
36,5
59,59
99,79
55,79
85,71
0,0
23,23
64,4
82,33
62,83
31,65
86,86
57,93
72,9
73,67
42,67
91,23
84,60
85,63
90,60
69,97
82,82
21,73
89,34
68,59
68,68
76,52
31,63
58,63
8,8
37,85
13,63
30,73
78,4
43,44
33,33
99,79
42,32
12,68
92,60
8,44
82,24
78,99
97,79
62,94
74,44
4,80
69,30
29,79
97,44
74,77
56,7
18,39
74,44
3,44
95,73
54,79
53,62
45,75
16,16
73,73
29,23
33,33
6,31
86,22
19,50
97,67
4,34
9,4
53,74
89,60
18,80
87,27
26,71
49,60
11,63
14,77
65,99
83,74
3,65
27,27
30,95
52,52
74,66
29,44
96,79
90,60
14,27
77,38
65,59
7,50
75,79
27,30
16,61
30,30
50,58
83,75
14,31
51,79
42,4
70,23
